<application>
  <component name="DiscordApplicationSettings">
    <option name="applicationDetails" value="APPLICATION_VERSION" />
    <option name="applicationDetailsCustom" value="" />
    <option name="applicationState" value="CUSTOM" />
    <option name="applicationStateCustom" value="The smartest JavaScript IDE" />
    <option name="applicationIconLargeText" value="APPLICATION_NAME" />
    <option name="applicationIconLargeTextCustom" value="" />
    <option name="applicationIconSmallTextCustom" value="" />
    <option name="projectDetails" value="PROJECT_NAME_VCS_BRANCH" />
    <option name="projectDetailsCustom" value="" />
    <option name="projectStateCustom" value="" />
    <option name="projectIconLargeText" value="PROJECT_NAME_DESCRIPTION" />
    <option name="projectIconLargeTextCustom" value="" />
    <option name="projectIconSmallTextCustom" value="" />
    <option name="fileDetailsCustom" value="dggs filename" />
    <option name="fileStateCustom" value="" />
    <option name="fileIconLargeText" value="PROJECT_NAME_VCS_BRANCH" />
    <option name="fileIconLargeTextCustom" value="" />
    <option name="fileIconSmallText" value="APPLICATION_NAME" />
    <option name="fileIconSmallTextCustom" value="" />
    <option name="theme" value="classic" />
    <option name="applicationLastUpdateNotification" value="1.6.1" />
  </component>
</application>