<application>
  <component name="AppStorage">
    <option name="newTranslationDialogHeight" value="271" />
    <option name="newTranslationDialogWidth" value="568" />
    <option name="newTranslationDialogX" value="230" />
    <option name="newTranslationDialogY" value="12" />
    <option name="pinNewTranslationDialog" value="true" />
    <histories>
      <item value="create structure to use indent like python" />
      <item value="create structure to use indentation like python" />
      <item value="product structure to use indentation like python" />
      <item value="JSON is the part set of YAML." />
      <item value="어떻게 발음 되는가" />
      <item value="how-it-prouncaed" />
      <item value="how-it-spells?" />
      <item value="experiance" />
      <item value="inherit" />
      <item value="usage examples" />
      <item value="just show all data of date" />
      <item value="ctx.ex.bot을 대신해서 컨텍스트에 'bot'필드 추가" />
      <item value="(ctx.ex.bot을 대신해서 컨텍스트에 'bot'필드 추가" />
      <item value="(ctx.ex.bot을 대신해서) 컨텍스트에 'bot'필드 추가" />
      <item value="ctx.ex.bot을 대신해 컨텍스트에 'bot'필드 추가" />
      <item value="ctx.ex.bot 컨텍스트에 'bot'필드 추가" />
      <item value="ctx.ex.botfmf  컨텍스트에 'bot'필드 추가" />
      <item value="ctx.ex.bot보다 컨텍스트에 'bot'필드 추가" />
      <item value="add 'bot' field in Context than ctx.ex.bot" />
      <item value="&#10;bot.setConfig(config)&#10;&#10;bot.addCommand(introCommandF(config))&#10; bot.addCommand(vote)" />
      <item value="&#10;bot.setConfig(config)&#10;&#10;bot.addCommand(introCommandF" />
      <item value="&#10;bot.addCommand(introCommandF(config))&#10; bot.addCommand(vote)" />
      <item value="intro Command F" />
      <item value="소개 명령 fd" />
      <item value="intro Command fd" />
      <item value="intro Command " />
      <item value="bot.addCommand(introCommandF(config))&#10; bot.addCommand(vote)&#10;&#10;bot.on('readyState', " />
      <item value="bot.addCommand(introCommandF(config)) bot.addCommand(vote) bot.on('readyState'," />
      <item value="bot.addCommand(introCommandF(config))&#10; bot.addCommand(vote)&#10;&#10;bot.on('readyState'," />
      <item value="MSG" />
      <item value="ligature" />
      <item value="ligatrue" />
      <item value="ligat" />
      <item value="lig" />
      <item value="(bot: MSG.Bot) =&gt;" />
      <item value="add Command" />
      <item value="phontic" />
      <item value="add Command&#10;hello, world!" />
      <item value="add Command&#10;hello, wolrd!" />
      <item value="add Command&#10;hello, wolrd" />
      <item value="add Command&#10;" />
      <item value="add Command&#10;asdf" />
    </histories>
    <option name="languageScores">
      <map>
        <entry key="ENGLISH" value="52" />
        <entry key="KOREAN" value="40" />
      </map>
    </option>
  </component>
  <component name="Cache">
    <option name="lastTrimTime" value="1621618367729" />
  </component>
  <component name="Settings">
    <option name="foldOriginal" value="true" />
    <option name="googleTranslateSettings">
      <google-translate>
        <option name="primaryLanguage" value="KOREAN" />
      </google-translate>
    </option>
    <option name="keepFormat" value="true" />
    <option name="phoneticFontFamily" value="D2Coding ligature" />
    <option name="primaryFontFamily" value="Segoe UI" />
    <option name="targetLanguageSelection" value="PRIMARY_LANGUAGE" />
  </component>
</application>